{"cameraMode":{"drawMode":0,"name":"Shaded","section":"Shading Mode"},"sceneLighting":true,"audioPlay":false,"sceneViewState":{"m_AlwaysRefresh":false,"showFog":true,"showSkybox":true,"showFlares":true,"showImageEffects":true,"showParticleSystems":true,"showVisualEffectGraphs":true,"m_FxEnabled":true},"in2DMode":false,"pivot":{"x":-0.34736302495002749,"y":0.033629465848207477,"z":1.6804596185684205},"rotation":{"x":0.0842023640871048,"y":-0.01613442413508892,"z":0.0013553894823417068,"w":0.9963592886924744},"size":3.215397834777832,"orthographic":false}