{"cameraMode":{"drawMode":0,"name":"Shaded","section":"Shading Mode"},"sceneLighting":true,"audioPlay":false,"sceneViewState":{"m_AlwaysRefresh":false,"showFog":true,"showSkybox":true,"showFlares":true,"showImageEffects":true,"showParticleSystems":true,"showVisualEffectGraphs":true,"m_FxEnabled":true},"in2DMode":false,"pivot":{"x":-0.3103383481502533,"y":-2.3685803413391115,"z":2.3898985385894777},"rotation":{"x":0.22777938842773438,"y":0.01344259362667799,"z":-0.0031598838977515699,"w":0.9736566543579102},"size":12.504660606384278,"orthographic":false}